Swedish,English,Category,Example,Article
bröd,bread,food,Jag äter bröd till frukost.,ett
smör,butter,food,Jag äter smör till frukost.,ett
ost,cheese,food,Jag äter ost till frukost.,en
mjölk,milk,food,Jag äter mjölk till frukost.,en
ägg,egg,food,Jag äter ägg till frukost.,ett
kött,meat,food,Jag äter kött till frukost.,ett
fisk,fish,food,Jag äter fisk till frukost.,en
kyckling,chicken,food,Jag äter kyckling till frukost.,en
nötkött,beef,food,Jag äter nötkött till frukost.,ett
fläsk,pork,food,Jag äter fläsk till frukost.,ett
lax,salmon,food,Jag äter lax till frukost.,en
räka,shrimp,food,Jag äter räka till frukost.,en
sill,herring,food,Jag äter sill till frukost.,en
potatis,potato,food,Jag äter potatis till frukost.,en
morot,carrot,food,Jag äter morot till frukost.,en
lök,onion,food,Jag äter lök till frukost.,en
vitlök,garlic,food,Jag äter vitlök till frukost.,en
tomat,tomato,food,Jag äter tomat till frukost.,en
gurka,cucumber,food,Jag äter gurka till frukost.,en
paprika,bell pepper,food,Jag äter paprika till frukost.,en
sallad,lettuce,food,Jag äter sallad till frukost.,en
svamp,mushroom,food,Jag äter svamp till frukost.,en
spenat,spinach,food,Jag äter spenat till frukost.,en
broccoli,broccoli,food,Jag äter broccoli till frukost.,en
blomkål,cauliflower,food,Jag äter blomkål till frukost.,en
kål,cabbage,food,Jag äter kål till frukost.,en
ärta,pea,food,Jag äter ärta till frukost.,en
böna,bean,food,Jag äter böna till frukost.,en
majs,corn,food,Jag äter majs till frukost.,en
ris,rice,food,Jag äter ris till frukost.,ett
pasta,pasta,food,Jag äter pasta till frukost.,en
nudlar,noodles,food,Jag äter nudlar till frukost.,en
soppa,soup,food,Jag äter soppa till frukost.,en
smörgås,sandwich,food,Jag äter smörgås till frukost.,en
pizza,pizza,food,Jag äter pizza till frukost.,en
hamburgare,hamburger,food,Jag äter hamburgare till frukost.,en
äpple,apple,food,Jag äter äpple till frukost.,ett
päron,pear,food,Jag äter päron till frukost.,ett
banan,banana,food,Jag äter banan till frukost.,en
apelsin,orange,food,Jag äter apelsin till frukost.,en
citron,lemon,food,Jag äter citron till frukost.,en
jordgubbe,strawberry,food,Jag äter jordgubbe till frukost.,en
hallon,raspberry,food,Jag äter hallon till frukost.,ett
blåbär,blueberry,food,Jag äter blåbär till frukost.,ett
vindruva,grape,food,Jag äter vindruva till frukost.,en
vattenmelon,watermelon,food,Jag äter vattenmelon till frukost.,en
mango,mango,food,Jag äter mango till frukost.,en
ananas,pineapple,food,Jag äter ananas till frukost.,en
körsbär,cherry,food,Jag äter körsbär till frukost.,ett
persika,peach,food,Jag äter persika till frukost.,en
plommon,plum,food,Jag äter plommon till frukost.,ett
nöt,nut,food,Jag äter nöt till frukost.,en
mandel,almond,food,Jag äter mandel till frukost.,en
valnöt,walnut,food,Jag äter valnöt till frukost.,en
hasselnöt,hazelnut,food,Jag äter hasselnöt till frukost.,en
jordnöt,peanut,food,Jag äter jordnöt till frukost.,en
honung,honey,food,Jag äter honung till frukost.,en
sylt,jam,food,Jag äter sylt till frukost.,en
socker,sugar,food,Jag äter socker till frukost.,ett
salt,salt,food,Jag äter salt till frukost.,ett
peppar,pepper,food,Jag äter peppar till frukost.,en
senap,mustard,food,Jag äter senap till frukost.,en
ketchup,ketchup,food,Jag äter ketchup till frukost.,en
majonnäs,mayonnaise,food,Jag äter majonnäs till frukost.,en
olja,oil,food,Jag äter olja till frukost.,en
vinäger,vinegar,food,Jag äter vinäger till frukost.,en
mjöl,flour,food,Jag äter mjöl till frukost.,ett
grädde,cream,food,Jag äter grädde till frukost.,en
yoghurt,yogurt,food,Jag äter yoghurt till frukost.,en
glass,ice cream,food,Jag äter glass till frukost.,en
kaka,cookie,food,Jag äter kaka till frukost.,en
tårta,cake,food,Jag äter tårta till frukost.,en
choklad,chocolate,food,Jag äter choklad till frukost.,en
godis,candy,food,Jag äter godis till frukost.,ett
chips,chips,food,Jag äter chips till frukost.,ett
köttbullar,meatballs,food,Jag äter köttbullar till frukost.,en
husmanskost,traditional home cooking,food,Jag äter husmanskost till frukost.,en
frukost,breakfast,food,Jag äter frukost till frukost.,en
lunch,lunch,food,Jag äter lunch till frukost.,en
middag,dinner,food,Jag äter middag till frukost.,en
måltid,meal,food,Jag äter måltid till frukost.,en
vatten,water,drink,Jag dricker vatten varje morgon.,ett
juice,juice,drink,Jag dricker juice varje morgon.,en
kaffe,coffee,drink,Jag dricker kaffe varje morgon.,ett
te,tea,drink,Jag dricker te varje morgon.,ett
öl,beer,drink,Jag dricker öl varje morgon.,ett
vin,wine,drink,Jag dricker vin varje morgon.,ett
whisky,whisky,drink,Jag dricker whisky varje morgon.,en
vodka,vodka,drink,Jag dricker vodka varje morgon.,en
cocktail,cocktail,drink,Jag dricker cocktail varje morgon.,en
läsk,soda,drink,Jag dricker läsk varje morgon.,en
cider,cider,drink,Jag dricker cider varje morgon.,en
champagne,champagne,drink,Jag dricker champagne varje morgon.,en
lemonad,lemonade,drink,Jag dricker lemonad varje morgon.,en
smoothie,smoothie,drink,Jag dricker smoothie varje morgon.,en
milkshake,milkshake,drink,Jag dricker milkshake varje morgon.,en
huvud,head,body,Min huvud gör ont idag.,ett
hår,hair,body,Min hår gör ont idag.,ett
ansikte,face,body,Min ansikte gör ont idag.,ett
öga,eye,body,Min öga gör ont idag.,ett
öra,ear,body,Min öra gör ont idag.,ett
näsa,nose,body,Min näsa gör ont idag.,en
mun,mouth,body,Min mun gör ont idag.,en
tand,tooth,body,Min tand gör ont idag.,en
tunga,tongue,body,Min tunga gör ont idag.,en
läpp,lip,body,Min läpp gör ont idag.,en
kind,cheek,body,Min kind gör ont idag.,en
hals,neck,body,Min hals gör ont idag.,en
axel,shoulder,body,Min axel gör ont idag.,en
arm,arm,body,Min arm gör ont idag.,en
armbåge,elbow,body,Min armbåge gör ont idag.,en
handled,wrist,body,Min handled gör ont idag.,en
hand,hand,body,Min hand gör ont idag.,en
finger,finger,body,Min finger gör ont idag.,ett
tumme,thumb,body,Min tumme gör ont idag.,en
nagel,nail,body,Min nagel gör ont idag.,en
bröst,chest,body,Min bröst gör ont idag.,ett
mage,stomach,body,Min mage gör ont idag.,en
rygg,back,body,Min rygg gör ont idag.,en
midja,waist,body,Min midja gör ont idag.,en
höft,hip,body,Min höft gör ont idag.,en
ben,leg,body,Min ben gör ont idag.,ett
lår,thigh,body,Min lår gör ont idag.,ett
knä,knee,body,Min knä gör ont idag.,ett
vad,calf,body,Min vad gör ont idag.,en
fot,foot,body,Min fot gör ont idag.,en
tå,toe,body,Min tå gör ont idag.,en
hud,skin,body,Min hud gör ont idag.,en
blod,blood,body,Min blod gör ont idag.,ett
hjärta,heart,body,Min hjärta gör ont idag.,ett
lunga,lung,body,Min lunga gör ont idag.,en
lever,liver,body,Min lever gör ont idag.,en
hjärna,brain,body,Min hjärna gör ont idag.,en
muskel,muscle,body,Min muskel gör ont idag.,en
skelett,skeleton,body,Min skelett gör ont idag.,ett
led,joint,body,Min led gör ont idag.,en
sjukhus,hospital,health,sjukhus är viktigt för god hälsa.,ett
apotek,pharmacy,health,apotek är viktigt för god hälsa.,ett
medicin,medicine,health,medicin är viktigt för god hälsa.,en
tablett,tablet,health,tablett är viktigt för god hälsa.,en
recept,prescription,health,recept är viktigt för god hälsa.,ett
allergi,allergy,health,allergi är viktigt för god hälsa.,en
feber,fever,health,feber är viktigt för god hälsa.,en
förkylning,cold,health,förkylning är viktigt för god hälsa.,en
influensa,flu,health,influensa är viktigt för god hälsa.,en
huvudvärk,headache,health,huvudvärk är viktigt för god hälsa.,en
ont,pain,health,ont är viktigt för god hälsa.,ett
sår,wound,health,sår är viktigt för god hälsa.,ett
operation,surgery,health,operation är viktigt för god hälsa.,en
vaccin,vaccine,health,vaccin är viktigt för god hälsa.,ett
hälsa,health,health,hälsa är viktigt för god hälsa.,en
blodtryck,blood pressure,health,blodtryck är viktigt för god hälsa.,ett
kost,diet,health,kost är viktigt för god hälsa.,en
näring,nutrition,health,näring är viktigt för god hälsa.,en
vitamin,vitamin,health,vitamin är viktigt för god hälsa.,ett
mineral,mineral,health,mineral är viktigt för god hälsa.,ett
tröja,sweater,clothing,Hon hade en fin tröja på sig.,en
skjorta,shirt,clothing,Hon hade en fin skjorta på sig.,en
byxa,trousers,clothing,Hon hade en fin byxa på sig.,en
kjol,skirt,clothing,Hon hade en fin kjol på sig.,en
klänning,dress,clothing,Hon hade en fin klänning på sig.,en
jacka,jacket,clothing,Hon hade en fin jacka på sig.,en
kappa,coat,clothing,Hon hade en fin kappa på sig.,en
skor,shoes,clothing,Hon hade en fin skor på sig.,en
stövlar,boots,clothing,Hon hade en fin stövlar på sig.,en
sandaler,sandals,clothing,Hon hade en fin sandaler på sig.,en
strumpor,socks,clothing,Hon hade en fin strumpor på sig.,en
underkläder,underwear,clothing,Hon hade en fin underkläder på sig.,ett
mössa,beanie,clothing,Hon hade en fin mössa på sig.,en
hatt,hat,clothing,Hon hade en fin hatt på sig.,en
halsduk,scarf,clothing,Hon hade en fin halsduk på sig.,en
handskar,gloves,clothing,Hon hade en fin handskar på sig.,en
bälte,belt,clothing,Hon hade en fin bälte på sig.,ett
plånbok,wallet,clothing,Hon hade en fin plånbok på sig.,en
väska,bag,clothing,Hon hade en fin väska på sig.,en
ryggsäck,backpack,clothing,Hon hade en fin ryggsäck på sig.,en
glasögon,glasses,clothing,Hon hade en fin glasögon på sig.,ett
ring,ring,clothing,Hon hade en fin ring på sig.,en
halsband,necklace,clothing,Hon hade en fin halsband på sig.,ett
armband,bracelet,clothing,Hon hade en fin armband på sig.,ett
klocka,watch,clothing,Hon hade en fin klocka på sig.,en
hus,house,home,Vi renoverar hus hemma.,ett
lägenhet,apartment,home,Vi renoverar lägenhet hemma.,en
rum,room,home,Vi renoverar rum hemma.,ett
kök,kitchen,home,Vi renoverar kök hemma.,ett
vardagsrum,living room,home,Vi renoverar vardagsrum hemma.,ett
sovrum,bedroom,home,Vi renoverar sovrum hemma.,ett
badrum,bathroom,home,Vi renoverar badrum hemma.,ett
toalett,toilet,home,Vi renoverar toalett hemma.,en
hall,hallway,home,Vi renoverar hall hemma.,en
balkong,balcony,home,Vi renoverar balkong hemma.,en
trädgård,garden,home,Vi renoverar trädgård hemma.,en
källare,basement,home,Vi renoverar källare hemma.,en
vind,attic,home,Vi renoverar vind hemma.,en
garage,garage,home,Vi renoverar garage hemma.,ett
dörr,door,home,Vi renoverar dörr hemma.,en
fönster,window,home,Vi renoverar fönster hemma.,ett
golv,floor,home,Vi renoverar golv hemma.,ett
tak,ceiling,home,Vi renoverar tak hemma.,ett
vägg,wall,home,Vi renoverar vägg hemma.,en
trappa,stairs,home,Vi renoverar trappa hemma.,en
soffa,sofa,furniture,Det finns en soffa i vardagsrummet.,en
stol,chair,furniture,Det finns en stol i vardagsrummet.,en
bord,table,furniture,Det finns en bord i vardagsrummet.,ett
säng,bed,furniture,Det finns en säng i vardagsrummet.,en
skrivbord,desk,furniture,Det finns en skrivbord i vardagsrummet.,ett
bokhylla,bookshelf,furniture,Det finns en bokhylla i vardagsrummet.,en
garderob,wardrobe,furniture,Det finns en garderob i vardagsrummet.,en
byrå,chest of drawers,furniture,Det finns en byrå i vardagsrummet.,en
matta,rug,furniture,Det finns en matta i vardagsrummet.,en
lampa,lamp,furniture,Det finns en lampa i vardagsrummet.,en
spegel,mirror,furniture,Det finns en spegel i vardagsrummet.,en
badkar,bathtub,furniture,Det finns en badkar i vardagsrummet.,ett
diskmaskin,dishwasher,furniture,Det finns en diskmaskin i vardagsrummet.,en
tvättmaskin,washing machine,furniture,Det finns en tvättmaskin i vardagsrummet.,en
torktumlare,dryer,furniture,Det finns en torktumlare i vardagsrummet.,en
kylskåp,refrigerator,furniture,Det finns en kylskåp i vardagsrummet.,ett
frys,freezer,furniture,Det finns en frys i vardagsrummet.,en
spis,stove,furniture,Det finns en spis i vardagsrummet.,en
ugn,oven,furniture,Det finns en ugn i vardagsrummet.,en
mikrovågsugn,microwave,furniture,Det finns en mikrovågsugn i vardagsrummet.,en
mamma,mom,family,Min mamma bor i Stockholm.,en
pappa,dad,family,Min pappa bor i Stockholm.,en
mor,mother,family,Min mor bor i Stockholm.,en
far,father,family,Min far bor i Stockholm.,en
barn,child,family,Min barn bor i Stockholm.,ett
son,son,family,Min son bor i Stockholm.,en
dotter,daughter,family,Min dotter bor i Stockholm.,en
bror,brother,family,Min bror bor i Stockholm.,en
syster,sister,family,Min syster bor i Stockholm.,en
farfar,paternal grandfather,family,Min farfar bor i Stockholm.,en
farmor,paternal grandmother,family,Min farmor bor i Stockholm.,en
morfar,maternal grandfather,family,Min morfar bor i Stockholm.,en
mormor,maternal grandmother,family,Min mormor bor i Stockholm.,en
farbror,uncle (father's side),family,Min farbror bor i Stockholm.,en
faster,aunt (father's side),family,Min faster bor i Stockholm.,en
morbror,uncle (mother's side),family,Min morbror bor i Stockholm.,en
moster,aunt (mother's side),family,Min moster bor i Stockholm.,en
kusin,cousin,family,Min kusin bor i Stockholm.,en
make,husband,family,Min make bor i Stockholm.,en
fru,wife,family,Min fru bor i Stockholm.,en
sambo,live-in partner,family,Min sambo bor i Stockholm.,en
pojke,boy,family,Min pojke bor i Stockholm.,en
flicka,girl,family,Min flicka bor i Stockholm.,en
bebis,baby,family,Min bebis bor i Stockholm.,en
tonåring,teenager,family,Min tonåring bor i Stockholm.,en
vuxen,adult,family,Min vuxen bor i Stockholm.,en
äldre,elderly person,family,Min äldre bor i Stockholm.,en
släkt,relatives,family,Min släkt bor i Stockholm.,en
syskon,siblings,family,Min syskon bor i Stockholm.,ett
tvillingar,twins,family,Min tvillingar bor i Stockholm.,en
hund,dog,animals,En hund lever ute i naturen.,en
katt,cat,animals,En katt lever ute i naturen.,en
häst,horse,animals,En häst lever ute i naturen.,en
ko,cow,animals,En ko lever ute i naturen.,en
gris,pig,animals,En gris lever ute i naturen.,en
får,sheep,animals,En får lever ute i naturen.,ett
get,goat,animals,En get lever ute i naturen.,en
höna,hen,animals,En höna lever ute i naturen.,en
kanin,rabbit,animals,En kanin lever ute i naturen.,en
mus,mouse,animals,En mus lever ute i naturen.,en
råtta,rat,animals,En råtta lever ute i naturen.,en
hamster,hamster,animals,En hamster lever ute i naturen.,en
papegoja,parrot,animals,En papegoja lever ute i naturen.,en
fågel,bird,animals,En fågel lever ute i naturen.,en
örn,eagle,animals,En örn lever ute i naturen.,en
uggla,owl,animals,En uggla lever ute i naturen.,en
pingvin,penguin,animals,En pingvin lever ute i naturen.,en
lejon,lion,animals,En lejon lever ute i naturen.,ett
tiger,tiger,animals,En tiger lever ute i naturen.,en
elefant,elephant,animals,En elefant lever ute i naturen.,en
giraff,giraffe,animals,En giraff lever ute i naturen.,en
björn,bear,animals,En björn lever ute i naturen.,en
varg,wolf,animals,En varg lever ute i naturen.,en
räv,fox,animals,En räv lever ute i naturen.,en
hjort,deer,animals,En hjort lever ute i naturen.,en
älg,moose,animals,En älg lever ute i naturen.,en
apa,monkey,animals,En apa lever ute i naturen.,en
gorilla,gorilla,animals,En gorilla lever ute i naturen.,en
krokodil,crocodile,animals,En krokodil lever ute i naturen.,en
orm,snake,animals,En orm lever ute i naturen.,en
ödla,lizard,animals,En ödla lever ute i naturen.,en
groda,frog,animals,En groda lever ute i naturen.,en
sköldpadda,turtle,animals,En sköldpadda lever ute i naturen.,en
haj,shark,animals,En haj lever ute i naturen.,en
delfin,dolphin,animals,En delfin lever ute i naturen.,en
val,whale,animals,En val lever ute i naturen.,en
bläckfisk,octopus,animals,En bläckfisk lever ute i naturen.,en
bi,bee,animals,En bi lever ute i naturen.,ett
fjäril,butterfly,animals,En fjäril lever ute i naturen.,en
myra,ant,animals,En myra lever ute i naturen.,en
fluga,fly,animals,En fluga lever ute i naturen.,en
mygga,mosquito,animals,En mygga lever ute i naturen.,en
spindel,spider,animals,En spindel lever ute i naturen.,en
mask,worm,animals,En mask lever ute i naturen.,en
lama,llama,animals,En lama lever ute i naturen.,en
flamingo,flamingo,animals,En flamingo lever ute i naturen.,en
skog,forest,nature,En skog syns ute i naturen.,en
träd,tree,nature,En träd syns ute i naturen.,ett
blomma,flower,nature,En blomma syns ute i naturen.,en
gräs,grass,nature,En gräs syns ute i naturen.,ett
berg,mountain,nature,En berg syns ute i naturen.,ett
dal,valley,nature,En dal syns ute i naturen.,en
flod,river,nature,En flod syns ute i naturen.,en
sjö,lake,nature,En sjö syns ute i naturen.,en
hav,sea,nature,En hav syns ute i naturen.,ett
strand,beach,nature,En strand syns ute i naturen.,en
ö,island,nature,En ö syns ute i naturen.,en
halvö,peninsula,nature,En halvö syns ute i naturen.,en
klippa,cliff,nature,En klippa syns ute i naturen.,en
sten,stone,nature,En sten syns ute i naturen.,en
sand,sand,nature,En sand syns ute i naturen.,en
jord,soil,nature,En jord syns ute i naturen.,en
buske,bush,nature,En buske syns ute i naturen.,en
löv,leaf,nature,En löv syns ute i naturen.,ett
rot,root,nature,En rot syns ute i naturen.,en
gren,branch,nature,En gren syns ute i naturen.,en
frö,seed,nature,En frö syns ute i naturen.,ett
mossa,moss,nature,En mossa syns ute i naturen.,en
ormbunke,fern,nature,En ormbunke syns ute i naturen.,en
näckros,water lily,nature,En näckros syns ute i naturen.,en
kotte,pine cone,nature,En kotte syns ute i naturen.,en
älv,large river,nature,En älv syns ute i naturen.,en
bäck,stream,nature,En bäck syns ute i naturen.,en
vattenfall,waterfall,nature,En vattenfall syns ute i naturen.,ett
grotta,cave,nature,En grotta syns ute i naturen.,en
öken,desert,nature,En öken syns ute i naturen.,en
vulkan,volcano,nature,En vulkan syns ute i naturen.,en
sol,sun,weather,Det är sol ute idag.,en
regn,rain,weather,Det är regn ute idag.,ett
snö,snow,weather,Det är snö ute idag.,en
vind,wind,weather,Det är vind ute idag.,en
storm,storm,weather,Det är storm ute idag.,en
åska,thunder,weather,Det är åska ute idag.,en
blixt,lightning,weather,Det är blixt ute idag.,en
dimma,fog,weather,Det är dimma ute idag.,en
moln,cloud,weather,Det är moln ute idag.,ett
hagel,hail,weather,Det är hagel ute idag.,ett
frost,frost,weather,Det är frost ute idag.,en
is,ice,weather,Det är is ute idag.,en
regnbåge,rainbow,weather,Det är regnbåge ute idag.,en
tornado,tornado,weather,Det är tornado ute idag.,en
orkan,hurricane,weather,Det är orkan ute idag.,en
skyfall,downpour,weather,Det är skyfall ute idag.,ett
temperatur,temperature,weather,Det är temperatur ute idag.,en
termometer,thermometer,weather,Det är termometer ute idag.,en
barometer,barometer,weather,Det är barometer ute idag.,en
prognos,forecast,weather,Det är prognos ute idag.,en
sekund,second,time,Mötet varar i en sekund.,en
minut,minute,time,Mötet varar i en minut.,en
timme,hour,time,Mötet varar i en timme.,en
dag,day,time,Mötet varar i en dag.,en
vecka,week,time,Mötet varar i en vecka.,en
månad,month,time,Mötet varar i en månad.,en
år,year,time,Mötet varar i en år.,ett
decennium,decade,time,Mötet varar i en decennium.,ett
århundrade,century,time,Mötet varar i en århundrade.,ett
morgon,morning,time,Mötet varar i en morgon.,en
förmiddag,late morning,time,Mötet varar i en förmiddag.,en
middag,noon,time,Mötet varar i en middag.,en
eftermiddag,afternoon,time,Mötet varar i en eftermiddag.,en
kväll,evening,time,Mötet varar i en kväll.,en
natt,night,time,Mötet varar i en natt.,en
midnatt,midnight,time,Mötet varar i en midnatt.,en
måndag,Monday,time,Mötet varar i en måndag.,en
tisdag,Tuesday,time,Mötet varar i en tisdag.,en
onsdag,Wednesday,time,Mötet varar i en onsdag.,en
torsdag,Thursday,time,Mötet varar i en torsdag.,en
fredag,Friday,time,Mötet varar i en fredag.,en
lördag,Saturday,time,Mötet varar i en lördag.,en
söndag,Sunday,time,Mötet varar i en söndag.,en
januari,January,time,Mötet varar i en januari.,en
februari,February,time,Mötet varar i en februari.,en
mars,March,time,Mötet varar i en mars.,en
april,April,time,Mötet varar i en april.,en
maj,May,time,Mötet varar i en maj.,en
juni,June,time,Mötet varar i en juni.,en
juli,July,time,Mötet varar i en juli.,en
augusti,August,time,Mötet varar i en augusti.,en
september,September,time,Mötet varar i en september.,en
oktober,October,time,Mötet varar i en oktober.,en
november,November,time,Mötet varar i en november.,en
december,December,time,Mötet varar i en december.,en
vår,spring,time,Mötet varar i en vår.,en
sommar,summer,time,Mötet varar i en sommar.,en
höst,autumn,time,Mötet varar i en höst.,en
vinter,winter,time,Mötet varar i en vinter.,en
kalender,calendar,time,Mötet varar i en kalender.,en
helg,weekend,time,Mötet varar i en helg.,en
vardag,weekday,time,Mötet varar i en vardag.,en
framtid,future,time,Mötet varar i en framtid.,en
nutid,present,time,Mötet varar i en nutid.,en
dåtid,past,time,Mötet varar i en dåtid.,en
årstid,season,time,Mötet varar i en årstid.,en
tidszon,time zone,time,Mötet varar i en tidszon.,en
röd,red,colors,Min favoritfärg är röd.,—
blå,blue,colors,Min favoritfärg är blå.,—
grön,green,colors,Min favoritfärg är grön.,—
gul,yellow,colors,Min favoritfärg är gul.,—
orange,orange,colors,Min favoritfärg är orange.,—
lila,purple,colors,Min favoritfärg är lila.,—
rosa,pink,colors,Min favoritfärg är rosa.,—
brun,brown,colors,Min favoritfärg är brun.,—
svart,black,colors,Min favoritfärg är svart.,—
vit,white,colors,Min favoritfärg är vit.,—
grå,gray,colors,Min favoritfärg är grå.,—
beige,beige,colors,Min favoritfärg är beige.,—
turkos,turquoise,colors,Min favoritfärg är turkos.,—
guld,gold,colors,Min favoritfärg är guld.,ett
silver,silver,colors,Min favoritfärg är silver.,ett
jobb,job,work,Det är viktigt att trivas på sin jobb.,ett
karriär,career,work,Det är viktigt att trivas på sin karriär.,en
chef,boss,work,Det är viktigt att trivas på sin chef.,en
kollega,colleague,work,Det är viktigt att trivas på sin kollega.,en
anställd,employee,work,Det är viktigt att trivas på sin anställd.,en
arbetsgivare,employer,work,Det är viktigt att trivas på sin arbetsgivare.,en
möte,meeting,work,Det är viktigt att trivas på sin möte.,ett
kontor,office,work,Det är viktigt att trivas på sin kontor.,ett
fabrik,factory,work,Det är viktigt att trivas på sin fabrik.,en
företag,company,work,Det är viktigt att trivas på sin företag.,ett
projekt,project,work,Det är viktigt att trivas på sin projekt.,ett
uppgift,task,work,Det är viktigt att trivas på sin uppgift.,en
lön,salary,work,Det är viktigt att trivas på sin lön.,en
skatt,tax,work,Det är viktigt att trivas på sin skatt.,en
faktura,invoice,work,Det är viktigt att trivas på sin faktura.,en
kontrakt,contract,work,Det är viktigt att trivas på sin kontrakt.,ett
rapport,report,work,Det är viktigt att trivas på sin rapport.,en
presentation,presentation,work,Det är viktigt att trivas på sin presentation.,en
intervju,interview,work,Det är viktigt att trivas på sin intervju.,en
ansökan,application,work,Det är viktigt att trivas på sin ansökan.,en
erfarenhet,experience,work,Det är viktigt att trivas på sin erfarenhet.,en
kompetens,competence,work,Det är viktigt att trivas på sin kompetens.,en
ansvar,responsibility,work,Det är viktigt att trivas på sin ansvar.,ett
deadline,deadline,work,Det är viktigt att trivas på sin deadline.,en
sjukskrivning,sick leave,work,Det är viktigt att trivas på sin sjukskrivning.,en
övertid,overtime,work,Det är viktigt att trivas på sin övertid.,en
pension,pension,work,Det är viktigt att trivas på sin pension.,en
fackförening,trade union,work,Det är viktigt att trivas på sin fackförening.,en
chefskap,management,work,Det är viktigt att trivas på sin chefskap.,ett
arbetsmarknad,labor market,work,Det är viktigt att trivas på sin arbetsmarknad.,en
läkare,doctor,profession,Han jobbar som läkare på sjukhuset.,en
sjuksköterska,nurse,profession,Han jobbar som sjuksköterska på sjukhuset.,en
ingenjör,engineer,profession,Han jobbar som ingenjör på sjukhuset.,en
advokat,lawyer,profession,Han jobbar som advokat på sjukhuset.,en
arkitekt,architect,profession,Han jobbar som arkitekt på sjukhuset.,en
konstnär,artist,profession,Han jobbar som konstnär på sjukhuset.,en
musiker,musician,profession,Han jobbar som musiker på sjukhuset.,en
skådespelare,actor,profession,Han jobbar som skådespelare på sjukhuset.,en
författare,author,profession,Han jobbar som författare på sjukhuset.,en
journalist,journalist,profession,Han jobbar som journalist på sjukhuset.,en
fotograf,photographer,profession,Han jobbar som fotograf på sjukhuset.,en
kock,chef,profession,Han jobbar som kock på sjukhuset.,en
bagare,baker,profession,Han jobbar som bagare på sjukhuset.,en
frisör,hairdresser,profession,Han jobbar som frisör på sjukhuset.,en
elektriker,electrician,profession,Han jobbar som elektriker på sjukhuset.,en
rörmokare,plumber,profession,Han jobbar som rörmokare på sjukhuset.,en
snickare,carpenter,profession,Han jobbar som snickare på sjukhuset.,en
mekaniker,mechanic,profession,Han jobbar som mekaniker på sjukhuset.,en
pilot,pilot,profession,Han jobbar som pilot på sjukhuset.,en
polis,police officer,profession,Han jobbar som polis på sjukhuset.,en
brandman,firefighter,profession,Han jobbar som brandman på sjukhuset.,en
psykolog,psychologist,profession,Han jobbar som psykolog på sjukhuset.,en
vetenskapsman,scientist,profession,Han jobbar som vetenskapsman på sjukhuset.,en
programmerare,programmer,profession,Han jobbar som programmerare på sjukhuset.,en
designer,designer,profession,Han jobbar som designer på sjukhuset.,en
tandläkare,dentist,profession,Han jobbar som tandläkare på sjukhuset.,en
veterinär,veterinarian,profession,Han jobbar som veterinär på sjukhuset.,en
apotekare,pharmacist,profession,Han jobbar som apotekare på sjukhuset.,en
sekreterare,secretary,profession,Han jobbar som sekreterare på sjukhuset.,en
direktör,director,profession,Han jobbar som direktör på sjukhuset.,en
skola,school,school,Imorgon har jag prov i skola.,en
klassrum,classroom,school,Imorgon har jag prov i klassrum.,ett
elev,student,school,Imorgon har jag prov i elev.,en
bok,book,school,Imorgon har jag prov i bok.,en
penna,pen,school,Imorgon har jag prov i penna.,en
papper,paper,school,Imorgon har jag prov i papper.,ett
anteckningsbok,notebook,school,Imorgon har jag prov i anteckningsbok.,en
läxa,homework,school,Imorgon har jag prov i läxa.,en
prov,test,school,Imorgon har jag prov i prov.,ett
betyg,grade,school,Imorgon har jag prov i betyg.,ett
lektion,lesson,school,Imorgon har jag prov i lektion.,en
schema,schedule,school,Imorgon har jag prov i schema.,ett
rast,break,school,Imorgon har jag prov i rast.,en
bibliotek,library,school,Imorgon har jag prov i bibliotek.,ett
gymnasium,high school,school,Imorgon har jag prov i gymnasium.,ett
universitet,university,school,Imorgon har jag prov i universitet.,ett
kurs,course,school,Imorgon har jag prov i kurs.,en
examen,exam,school,Imorgon har jag prov i examen.,en
matematik,mathematics,school,Imorgon har jag prov i matematik.,en
svenska,Swedish language,school,Imorgon har jag prov i svenska.,en
engelska,English language,school,Imorgon har jag prov i engelska.,en
historia,history,school,Imorgon har jag prov i historia.,en
geografi,geography,school,Imorgon har jag prov i geografi.,en
biologi,biology,school,Imorgon har jag prov i biologi.,en
kemi,chemistry,school,Imorgon har jag prov i kemi.,en
fysik,physics,school,Imorgon har jag prov i fysik.,en
idrott,physical education,school,Imorgon har jag prov i idrott.,en
stipendium,scholarship,school,Imorgon har jag prov i stipendium.,ett
föreläsning,lecture,school,Imorgon har jag prov i föreläsning.,en
uppsats,essay,school,Imorgon har jag prov i uppsats.,en
fotboll,football,sports,Vi spelar fotboll på lördagarna.,en
basket,basketball,sports,Vi spelar basket på lördagarna.,en
tennis,tennis,sports,Vi spelar tennis på lördagarna.,en
simning,swimming,sports,Vi spelar simning på lördagarna.,en
cykling,cycling,sports,Vi spelar cykling på lördagarna.,en
löpning,running,sports,Vi spelar löpning på lördagarna.,en
skidåkning,skiing,sports,Vi spelar skidåkning på lördagarna.,en
ishockey,ice hockey,sports,Vi spelar ishockey på lördagarna.,en
golf,golf,sports,Vi spelar golf på lördagarna.,en
boxning,boxing,sports,Vi spelar boxning på lördagarna.,en
kampsport,martial arts,sports,Vi spelar kampsport på lördagarna.,en
yoga,yoga,sports,Vi spelar yoga på lördagarna.,en
gym,gym,sports,Vi spelar gym på lördagarna.,ett
träning,workout,sports,Vi spelar träning på lördagarna.,en
match,match,sports,Vi spelar match på lördagarna.,en
tävling,competition,sports,Vi spelar tävling på lördagarna.,en
lag,team,sports,Vi spelar lag på lördagarna.,ett
spelare,player,sports,Vi spelar spelare på lördagarna.,en
tränare,coach,sports,Vi spelar tränare på lördagarna.,en
mål,goal,sports,Vi spelar mål på lördagarna.,ett
poäng,score,sports,Vi spelar poäng på lördagarna.,en
seger,victory,sports,Vi spelar seger på lördagarna.,en
förlust,defeat,sports,Vi spelar förlust på lördagarna.,en
stadion,stadium,sports,Vi spelar stadion på lördagarna.,en
boll,ball,sports,Vi spelar boll på lördagarna.,en
nät,net,sports,Vi spelar nät på lördagarna.,ett
racket,racket,sports,Vi spelar racket på lördagarna.,en
handboll,handball,sports,Vi spelar handboll på lördagarna.,en
volleyboll,volleyball,sports,Vi spelar volleyboll på lördagarna.,en
friidrott,athletics,sports,Vi spelar friidrott på lördagarna.,en
rodd,rowing,sports,Vi spelar rodd på lördagarna.,en
segling,sailing,sports,Vi spelar segling på lördagarna.,en
klättring,climbing,sports,Vi spelar klättring på lördagarna.,en
vandring,hiking,sports,Vi spelar vandring på lördagarna.,en
simhall,swimming pool,sports,Vi spelar simhall på lördagarna.,en
rekord,record,sports,Vi spelar rekord på lördagarna.,ett
medalj,medal,sports,Vi spelar medalj på lördagarna.,en
mästare,champion,sports,Vi spelar mästare på lördagarna.,en
turnering,tournament,sports,Vi spelar turnering på lördagarna.,en
straff,penalty,sports,Vi spelar straff på lördagarna.,ett
skridsko,ice skate,sports,Vi spelar skridsko på lördagarna.,en
slalom,slalom,sports,Vi spelar slalom på lördagarna.,en
friluftsliv,outdoor life,sports,Vi spelar friluftsliv på lördagarna.,ett
löparskor,running shoes,sports,Vi spelar löparskor på lördagarna.,en
läsning,reading,hobbies,Min hobby är läsning.,en
skrivande,writing,hobbies,Min hobby är skrivande.,ett
målning,painting,hobbies,Min hobby är målning.,en
teckning,drawing,hobbies,Min hobby är teckning.,en
fotografering,photography,hobbies,Min hobby är fotografering.,en
matlagning,cooking,hobbies,Min hobby är matlagning.,en
bakning,baking,hobbies,Min hobby är bakning.,en
trädgårdsarbete,gardening,hobbies,Min hobby är trädgårdsarbete.,ett
stickning,knitting,hobbies,Min hobby är stickning.,en
sömnad,sewing,hobbies,Min hobby är sömnad.,en
dans,dancing,hobbies,Min hobby är dans.,en
teater,theater,hobbies,Min hobby är teater.,en
spel,gaming,hobbies,Min hobby är spel.,ett
pussel,puzzle,hobbies,Min hobby är pussel.,ett
schack,chess,hobbies,Min hobby är schack.,ett
fiske,fishing,hobbies,Min hobby är fiske.,ett
jakt,hunting,hobbies,Min hobby är jakt.,en
ridning,horse riding,hobbies,Min hobby är ridning.,en
camping,camping,hobbies,Min hobby är camping.,en
samling,collecting,hobbies,Min hobby är samling.,en
modellbygge,model building,hobbies,Min hobby är modellbygge.,ett
träsnideri,woodcarving,hobbies,Min hobby är träsnideri.,ett
keramik,ceramics,hobbies,Min hobby är keramik.,en
vinprovning,wine tasting,hobbies,Min hobby är vinprovning.,en
origami,origami,hobbies,Min hobby är origami.,ett
dator,computer,technology,Jag använder dator varje dag.,en
laptop,laptop,technology,Jag använder laptop varje dag.,en
telefon,phone,technology,Jag använder telefon varje dag.,en
smartphone,smartphone,technology,Jag använder smartphone varje dag.,en
surfplatta,tablet,technology,Jag använder surfplatta varje dag.,en
skärm,screen,technology,Jag använder skärm varje dag.,en
tangentbord,keyboard,technology,Jag använder tangentbord varje dag.,ett
mus,mouse (computer),technology,Jag använder mus varje dag.,en
skrivare,printer,technology,Jag använder skrivare varje dag.,en
kamera,camera,technology,Jag använder kamera varje dag.,en
internet,internet,technology,Jag använder internet varje dag.,ett
wifi,wifi,technology,Jag använder wifi varje dag.,ett
app,app,technology,Jag använder app varje dag.,en
program,software,technology,Jag använder program varje dag.,ett
hemsida,website,technology,Jag använder hemsida varje dag.,en
e-post,email,technology,Jag använder e-post varje dag.,en
lösenord,password,technology,Jag använder lösenord varje dag.,ett
data,data,technology,Jag använder data varje dag.,ett
fil,file,technology,Jag använder fil varje dag.,en
mapp,folder,technology,Jag använder mapp varje dag.,en
server,server,technology,Jag använder server varje dag.,en
nätverk,network,technology,Jag använder nätverk varje dag.,ett
bluetooth,bluetooth,technology,Jag använder bluetooth varje dag.,ett
batteri,battery,technology,Jag använder batteri varje dag.,ett
laddare,charger,technology,Jag använder laddare varje dag.,en
hörlurar,headphones,technology,Jag använder hörlurar varje dag.,en
högtalare,speaker,technology,Jag använder högtalare varje dag.,en
TV,TV,technology,Jag använder TV varje dag.,en
radio,radio,technology,Jag använder radio varje dag.,en
robot,robot,technology,Jag använder robot varje dag.,en
artificiell intelligens,artificial intelligence,technology,Jag använder artificiell intelligens varje dag.,en
sociala medier,social media,technology,Jag använder sociala medier varje dag.,ett
videospel,video game,technology,Jag använder videospel varje dag.,ett
strömning,streaming,technology,Jag använder strömning varje dag.,en
satellit,satellite,technology,Jag använder satellit varje dag.,en
bil,car,transport,Vi åker med bil till stan.,en
buss,bus,transport,Vi åker med buss till stan.,en
tåg,train,transport,Vi åker med tåg till stan.,ett
tunnelbana,subway,transport,Vi åker med tunnelbana till stan.,en
spårvagn,tram,transport,Vi åker med spårvagn till stan.,en
taxi,taxi,transport,Vi åker med taxi till stan.,en
cykel,bicycle,transport,Vi åker med cykel till stan.,en
motorcykel,motorcycle,transport,Vi åker med motorcykel till stan.,en
flygplan,airplane,transport,Vi åker med flygplan till stan.,ett
helikopter,helicopter,transport,Vi åker med helikopter till stan.,en
båt,boat,transport,Vi åker med båt till stan.,en
fartyg,ship,transport,Vi åker med fartyg till stan.,ett
lastbil,truck,transport,Vi åker med lastbil till stan.,en
ambulans,ambulance,transport,Vi åker med ambulans till stan.,en
station,station,transport,Vi åker med station till stan.,en
flygplats,airport,transport,Vi åker med flygplats till stan.,en
hamn,harbor,transport,Vi åker med hamn till stan.,en
väg,road,transport,Vi åker med väg till stan.,en
motorväg,highway,transport,Vi åker med motorväg till stan.,en
bro,bridge,transport,Vi åker med bro till stan.,en
tunnel,tunnel,transport,Vi åker med tunnel till stan.,en
parkering,parking,transport,Vi åker med parkering till stan.,en
trafik,traffic,transport,Vi åker med trafik till stan.,en
körkort,driver's license,transport,Vi åker med körkort till stan.,ett
bensin,gasoline,transport,Vi åker med bensin till stan.,en
elbil,electric car,transport,Vi åker med elbil till stan.,en
kollektivtrafik,public transport,transport,Vi åker med kollektivtrafik till stan.,en
hållplats,bus stop,transport,Vi åker med hållplats till stan.,en
avgång,departure,transport,Vi åker med avgång till stan.,en
ankomst,arrival,transport,Vi åker med ankomst till stan.,en
stad,city,places,Vi besökte stad på semestern.,en
by,village,places,Vi besökte by på semestern.,en
land,country,places,Vi besökte land på semestern.,ett
park,park,places,Vi besökte park på semestern.,en
torg,square,places,Vi besökte torg på semestern.,ett
gata,street,places,Vi besökte gata på semestern.,en
restaurang,restaurant,places,Vi besökte restaurang på semestern.,en
café,café,places,Vi besökte café på semestern.,ett
bar,bar,places,Vi besökte bar på semestern.,en
hotell,hotel,places,Vi besökte hotell på semestern.,ett
museum,museum,places,Vi besökte museum på semestern.,ett
bio,cinema,places,Vi besökte bio på semestern.,en
kyrka,church,places,Vi besökte kyrka på semestern.,en
moské,mosque,places,Vi besökte moské på semestern.,en
bank,bank,places,Vi besökte bank på semestern.,en
post,post office,places,Vi besökte post på semestern.,en
polisstation,police station,places,Vi besökte polisstation på semestern.,en
zoo,zoo,places,Vi besökte zoo på semestern.,ett
nöjespark,amusement park,places,Vi besökte nöjespark på semestern.,en
köpcentrum,shopping mall,places,Vi besökte köpcentrum på semestern.,ett
marknad,market,places,Vi besökte marknad på semestern.,en
lekplats,playground,places,Vi besökte lekplats på semestern.,en
slott,castle,places,Vi besökte slott på semestern.,ett
rådhus,city hall,places,Vi besökte rådhus på semestern.,ett
ambassad,embassy,places,Vi besökte ambassad på semestern.,en
fyr,lighthouse,places,Vi besökte fyr på semestern.,en
tempel,temple,places,Vi besökte tempel på semestern.,ett
fängelse,prison,places,Vi besökte fängelse på semestern.,ett
bondgård,farm,places,Vi besökte bondgård på semestern.,en
naturreservat,nature reserve,places,Vi besökte naturreservat på semestern.,ett
glad,happy,emotions,Jag kände glad när jag hörde nyheten.,—
ledsen,sad,emotions,Jag kände ledsen när jag hörde nyheten.,—
arg,angry,emotions,Jag kände arg när jag hörde nyheten.,—
rädd,scared,emotions,Jag kände rädd när jag hörde nyheten.,—
förvånad,surprised,emotions,Jag kände förvånad när jag hörde nyheten.,—
äcklad,disgusted,emotions,Jag kände äcklad när jag hörde nyheten.,—
stolt,proud,emotions,Jag kände stolt när jag hörde nyheten.,—
skamsen,ashamed,emotions,Jag kände skamsen när jag hörde nyheten.,—
ensam,lonely,emotions,Jag kände ensam när jag hörde nyheten.,—
orolig,anxious,emotions,Jag kände orolig när jag hörde nyheten.,—
lugn,calm,emotions,Jag kände lugn när jag hörde nyheten.,—
kär,in love,emotions,Jag kände kär när jag hörde nyheten.,—
avundsjuk,jealous,emotions,Jag kände avundsjuk när jag hörde nyheten.,—
nöjd,satisfied,emotions,Jag kände nöjd när jag hörde nyheten.,—
besviken,disappointed,emotions,Jag kände besviken när jag hörde nyheten.,—
förvirrad,confused,emotions,Jag kände förvirrad när jag hörde nyheten.,—
trött,tired,emotions,Jag kände trött när jag hörde nyheten.,—
uttråkad,bored,emotions,Jag kände uttråkad när jag hörde nyheten.,—
tacksam,grateful,emotions,Jag kände tacksam när jag hörde nyheten.,—
nervös,nervous,emotions,Jag kände nervös när jag hörde nyheten.,—
ivrig,eager,emotions,Jag kände ivrig när jag hörde nyheten.,—
lycklig,happy/blissful,emotions,Jag kände lycklig när jag hörde nyheten.,—
hoppfull,hopeful,emotions,Jag kände hoppfull när jag hörde nyheten.,—
stor,big,adjectives,Han är väldigt stor.,—
liten,small,adjectives,Han är väldigt liten.,—
lång,long/tall,adjectives,Han är väldigt lång.,—
kort,short,adjectives,Han är väldigt kort.,—
bred,wide,adjectives,Han är väldigt bred.,—
smal,narrow,adjectives,Han är väldigt smal.,—
tjock,thick,adjectives,Han är väldigt tjock.,—
tunn,thin,adjectives,Han är väldigt tunn.,—
tung,heavy,adjectives,Han är väldigt tung.,—
lätt,light/easy,adjectives,Han är väldigt lätt.,—
hård,hard,adjectives,Han är väldigt hård.,—
mjuk,soft,adjectives,Han är väldigt mjuk.,—
varm,warm,adjectives,Han är väldigt varm.,—
kall,cold,adjectives,Han är väldigt kall.,—
het,hot,adjectives,Han är väldigt het.,—
sval,cool,adjectives,Han är väldigt sval.,—
snabb,fast,adjectives,Han är väldigt snabb.,—
långsam,slow,adjectives,Han är väldigt långsam.,—
ny,new,adjectives,Han är väldigt ny.,—
gammal,old,adjectives,Han är väldigt gammal.,—
ung,young,adjectives,Han är väldigt ung.,—
modern,modern,adjectives,Han är väldigt modern.,—
ren,clean,adjectives,Han är väldigt ren.,—
smutsig,dirty,adjectives,Han är väldigt smutsig.,—
vacker,beautiful,adjectives,Han är väldigt vacker.,—
ful,ugly,adjectives,Han är väldigt ful.,—
söt,cute/sweet,adjectives,Han är väldigt söt.,—
rolig,funny,adjectives,Han är väldigt rolig.,—
tråkig,boring,adjectives,Han är väldigt tråkig.,—
intressant,interesting,adjectives,Han är väldigt intressant.,—
viktig,important,adjectives,Han är väldigt viktig.,—
billig,cheap,adjectives,Han är väldigt billig.,—
dyr,expensive,adjectives,Han är väldigt dyr.,—
bra,good,adjectives,Han är väldigt bra.,—
dålig,bad,adjectives,Han är väldigt dålig.,—
rätt,correct,adjectives,Han är väldigt rätt.,—
fel,wrong,adjectives,Han är väldigt fel.,—
säker,safe,adjectives,Han är väldigt säker.,—
farlig,dangerous,adjectives,Han är väldigt farlig.,—
öppen,open,adjectives,Han är väldigt öppen.,—
stängd,closed,adjectives,Han är väldigt stängd.,—
full,full,adjectives,Han är väldigt full.,—
tom,empty,adjectives,Han är väldigt tom.,—
stark,strong,adjectives,Han är väldigt stark.,—
svag,weak,adjectives,Han är väldigt svag.,—
smart,smart,adjectives,Han är väldigt smart.,—
dum,stupid,adjectives,Han är väldigt dum.,—
rik,rich,adjectives,Han är väldigt rik.,—
fattig,poor,adjectives,Han är väldigt fattig.,—
fri,free,adjectives,Han är väldigt fri.,—
upptagen,busy,adjectives,Han är väldigt upptagen.,—
pigg,alert/lively,adjectives,Han är väldigt pigg.,—
hungrig,hungry,adjectives,Han är väldigt hungrig.,—
mätt,full (after eating),adjectives,Han är väldigt mätt.,—
törstig,thirsty,adjectives,Han är väldigt törstig.,—
sömnig,sleepy,adjectives,Han är väldigt sömnig.,—
frisk,healthy,adjectives,Han är väldigt frisk.,—
sjuk,sick,adjectives,Han är väldigt sjuk.,—
nyfiken,curious,adjectives,Han är väldigt nyfiken.,—
försiktig,careful,adjectives,Han är väldigt försiktig.,—
modig,brave,adjectives,Han är väldigt modig.,—
feg,cowardly,adjectives,Han är väldigt feg.,—
lat,lazy,adjectives,Han är väldigt lat.,—
flitig,hardworking,adjectives,Han är väldigt flitig.,—
äventyrlig,adventurous,adjectives,Han är väldigt äventyrlig.,—
perfekt,perfect,adjectives,Han är väldigt perfekt.,—
hemsk,terrible,adjectives,Han är väldigt hemsk.,—
underbar,wonderful,adjectives,Han är väldigt underbar.,—
fantastisk,fantastic,adjectives,Han är väldigt fantastisk.,—
otrolig,incredible,adjectives,Han är väldigt otrolig.,—
vanlig,common/ordinary,adjectives,Han är väldigt vanlig.,—
ovanlig,unusual,adjectives,Han är väldigt ovanlig.,—
noggrann,thorough/careful,adjectives,Han är väldigt noggrann.,—
kreativ,creative,adjectives,Han är väldigt kreativ.,—
praktisk,practical,adjectives,Han är väldigt praktisk.,—
pris,price,shopping,Jag hittade ett fint pris i affären.,ett
rabatt,discount,shopping,Jag hittade ett fint rabatt i affären.,en
rea,sale,shopping,Jag hittade ett fint rea i affären.,en
kassan,checkout,shopping,Jag hittade ett fint kassan i affären.,en
kvitto,receipt,shopping,Jag hittade ett fint kvitto i affären.,ett
kreditkort,credit card,shopping,Jag hittade ett fint kreditkort i affären.,ett
kontanter,cash,shopping,Jag hittade ett fint kontanter i affären.,en
varuhus,department store,shopping,Jag hittade ett fint varuhus i affären.,ett
märke,brand,shopping,Jag hittade ett fint märke i affären.,ett
storlek,size,shopping,Jag hittade ett fint storlek i affären.,en
mode,fashion,shopping,Jag hittade ett fint mode i affären.,ett
trend,trend,shopping,Jag hittade ett fint trend i affären.,en
erbjudande,deal/offer,shopping,Jag hittade ett fint erbjudande i affären.,ett
retur,return,shopping,Jag hittade ett fint retur i affären.,en
garanti,guarantee,shopping,Jag hittade ett fint garanti i affären.,en
musik,music,music,Jag spelar musik på fritiden.,en
sång,song,music,Jag spelar sång på fritiden.,en
låt,track,music,Jag spelar låt på fritiden.,en
album,album,music,Jag spelar album på fritiden.,ett
artist,artist,music,Jag spelar artist på fritiden.,en
band,band,music,Jag spelar band på fritiden.,ett
konsert,concert,music,Jag spelar konsert på fritiden.,en
gitarr,guitar,music,Jag spelar gitarr på fritiden.,en
piano,piano,music,Jag spelar piano på fritiden.,ett
trummor,drums,music,Jag spelar trummor på fritiden.,en
bas,bass,music,Jag spelar bas på fritiden.,en
violin,violin,music,Jag spelar violin på fritiden.,en
flöjt,flute,music,Jag spelar flöjt på fritiden.,en
trumpet,trumpet,music,Jag spelar trumpet på fritiden.,en
saxofon,saxophone,music,Jag spelar saxofon på fritiden.,en
mikrofon,microphone,music,Jag spelar mikrofon på fritiden.,en
playlist,playlist,music,Jag spelar playlist på fritiden.,en
rock,rock,music,Jag spelar rock på fritiden.,en
pop,pop,music,Jag spelar pop på fritiden.,en
jazz,jazz,music,Jag spelar jazz på fritiden.,en
klassisk musik,classical music,music,Jag spelar klassisk musik på fritiden.,en
rap,rap,music,Jag spelar rap på fritiden.,en
opera,opera,music,Jag spelar opera på fritiden.,en
musikfestival,music festival,music,Jag spelar musikfestival på fritiden.,en
körmusik,choral music,music,Jag spelar körmusik på fritiden.,en
konst,art,art & culture,konst är viktigt inom konst och kultur.,en
skulptur,sculpture,art & culture,skulptur är viktigt inom konst och kultur.,en
fotografi,photography,art & culture,fotografi är viktigt inom konst och kultur.,ett
film,film,art & culture,film är viktigt inom konst och kultur.,en
litteratur,literature,art & culture,litteratur är viktigt inom konst och kultur.,en
poesi,poetry,art & culture,poesi är viktigt inom konst och kultur.,en
roman,novel,art & culture,roman är viktigt inom konst och kultur.,en
novell,short story,art & culture,novell är viktigt inom konst och kultur.,en
galleri,gallery,art & culture,galleri är viktigt inom konst och kultur.,ett
utställning,exhibition,art & culture,utställning är viktigt inom konst och kultur.,en
kulturhus,cultural center,art & culture,kulturhus är viktigt inom konst och kultur.,ett
kalligrafi,calligraphy,art & culture,kalligrafi är viktigt inom konst och kultur.,en
animation,animation,art & culture,animation är viktigt inom konst och kultur.,en
grafik,graphic design,art & culture,grafik är viktigt inom konst och kultur.,en
karneval,carnival,art & culture,karneval är viktigt inom konst och kultur.,en
politik,politics,politics,politik är en del av demokratin.,en
regering,government,politics,regering är en del av demokratin.,en
parlament,parliament,politics,parlament är en del av demokratin.,ett
demokrati,democracy,politics,demokrati är en del av demokratin.,en
val,election,politics,val är en del av demokratin.,ett
röstning,voting,politics,röstning är en del av demokratin.,en
parti,party,politics,parti är en del av demokratin.,ett
minister,minister,politics,minister är en del av demokratin.,en
president,president,politics,president är en del av demokratin.,en
kung,king,politics,kung är en del av demokratin.,en
drottning,queen,politics,drottning är en del av demokratin.,en
lag,law,politics,lag är en del av demokratin.,en
rättighet,right,politics,rättighet är en del av demokratin.,en
frihet,freedom,politics,frihet är en del av demokratin.,en
jämlikhet,equality,politics,jämlikhet är en del av demokratin.,en
ekonomi,economy,economy,ekonomi är viktigt för ekonomin.,en
pengar,money,economy,pengar är viktigt för ekonomin.,en
investering,investment,economy,investering är viktigt för ekonomin.,en
aktie,stock/share,economy,aktie är viktigt för ekonomin.,en
inflation,inflation,economy,inflation är viktigt för ekonomin.,en
handel,trade,economy,handel är viktigt för ekonomin.,en
export,export,economy,export är viktigt för ekonomin.,en
import,import,economy,import är viktigt för ekonomin.,en
budget,budget,economy,budget är viktigt för ekonomin.,en
ränta,interest rate,economy,ränta är viktigt för ekonomin.,en
skuld,debt,economy,skuld är viktigt för ekonomin.,en
vinst,profit,economy,vinst är viktigt för ekonomin.,en
förlust,loss,economy,förlust är viktigt för ekonomin.,en
valuta,currency,economy,valuta är viktigt för ekonomin.,en
skatt,tax,economy,skatt är viktigt för ekonomin.,en
pass,passport,travel,Vi bokade en resa med pass.,ett
visum,visa,travel,Vi bokade en resa med visum.,ett
bagage,luggage,travel,Vi bokade en resa med bagage.,ett
resväska,suitcase,travel,Vi bokade en resa med resväska.,en
hotellbokning,hotel booking,travel,Vi bokade en resa med hotellbokning.,en
biljett,ticket,travel,Vi bokade en resa med biljett.,en
avgång,departure,travel,Vi bokade en resa med avgång.,en
ankomst,arrival,travel,Vi bokade en resa med ankomst.,en
karta,map,travel,Vi bokade en resa med karta.,en
guide,guide,travel,Vi bokade en resa med guide.,en
turist,tourist,travel,Vi bokade en resa med turist.,en
semester,vacation,travel,Vi bokade en resa med semester.,en
resa,trip,travel,Vi bokade en resa med resa.,en
destination,destination,travel,Vi bokade en resa med destination.,en
souvenir,souvenir,travel,Vi bokade en resa med souvenir.,en
turism,tourism,travel,Vi bokade en resa med turism.,en
reseförsäkring,travel insurance,travel,Vi bokade en resa med reseförsäkring.,en
incheckning,check-in,travel,Vi bokade en resa med incheckning.,en
vetenskap,science,science,Vi studerar vetenskap på universitetet.,en
forskning,research,science,Vi studerar forskning på universitetet.,en
experiment,experiment,science,Vi studerar experiment på universitetet.,ett
teori,theory,science,Vi studerar teori på universitetet.,en
hypotes,hypothesis,science,Vi studerar hypotes på universitetet.,en
laboratorium,laboratory,science,Vi studerar laboratorium på universitetet.,ett
kemikalie,chemical,science,Vi studerar kemikalie på universitetet.,en
element,element,science,Vi studerar element på universitetet.,ett
atom,atom,science,Vi studerar atom på universitetet.,en
molekyl,molecule,science,Vi studerar molekyl på universitetet.,en
energi,energy,science,Vi studerar energi på universitetet.,en
kraft,force,science,Vi studerar kraft på universitetet.,en
gravitation,gravity,science,Vi studerar gravitation på universitetet.,en
evolution,evolution,science,Vi studerar evolution på universitetet.,en
gen,gene,science,Vi studerar gen på universitetet.,en
DNA,DNA,science,Vi studerar DNA på universitetet.,ett
cell,cell,science,Vi studerar cell på universitetet.,en
raket,rocket,science,Vi studerar raket på universitetet.,en
rymden,outer space,science,Vi studerar rymden på universitetet.,en
planet,planet,science,Vi studerar planet på universitetet.,en
galax,galaxy,science,Vi studerar galax på universitetet.,en
miljö,environment,environment,miljö påverkar vår planet.,en
klimat,climate,environment,klimat påverkar vår planet.,ett
klimatförändring,climate change,environment,klimatförändring påverkar vår planet.,en
förorening,pollution,environment,förorening påverkar vår planet.,en
utsläpp,emissions,environment,utsläpp påverkar vår planet.,ett
återvinning,recycling,environment,återvinning påverkar vår planet.,en
hållbarhet,sustainability,environment,hållbarhet påverkar vår planet.,en
förnybar energi,renewable energy,environment,förnybar energi påverkar vår planet.,en
solenergi,solar energy,environment,solenergi påverkar vår planet.,en
vindkraft,wind power,environment,vindkraft påverkar vår planet.,en
utrotningshotad,endangered,environment,utrotningshotad påverkar vår planet.,—
ekosystem,ecosystem,environment,ekosystem påverkar vår planet.,ett
växthuseffekt,greenhouse effect,environment,växthuseffekt påverkar vår planet.,en
ozon,ozone,environment,ozon påverkar vår planet.,ett
biologisk mångfald,biodiversity,environment,biologisk mångfald påverkar vår planet.,en
samhälle,society,society,samhälle spelar en viktig roll i samhället.,ett
gemenskap,community,society,gemenskap spelar en viktig roll i samhället.,en
tradition,tradition,society,tradition spelar en viktig roll i samhället.,en
religion,religion,society,religion spelar en viktig roll i samhället.,en
immigration,immigration,society,immigration spelar en viktig roll i samhället.,en
integration,integration,society,integration spelar en viktig roll i samhället.,en
diskriminering,discrimination,society,diskriminering spelar en viktig roll i samhället.,en
rasism,racism,society,rasism spelar en viktig roll i samhället.,en
jämställdhet,gender equality,society,jämställdhet spelar en viktig roll i samhället.,en
mänskliga rättigheter,human rights,society,mänskliga rättigheter spelar en viktig roll i samhället.,en
välgörenhet,charity,society,välgörenhet spelar en viktig roll i samhället.,en
volontär,volunteer,society,volontär spelar en viktig roll i samhället.,en
rättvisa,justice,society,rättvisa spelar en viktig roll i samhället.,en
solidaritet,solidarity,society,solidaritet spelar en viktig roll i samhället.,en
mångfald,diversity,society,mångfald spelar en viktig roll i samhället.,en
kris,crisis,society,kris spelar en viktig roll i samhället.,en
konflikt,conflict,society,konflikt spelar en viktig roll i samhället.,en
fred,peace,society,fred spelar en viktig roll i samhället.,en
krig,war,society,krig spelar en viktig roll i samhället.,ett
medborgare,citizen,society,medborgare spelar en viktig roll i samhället.,en
kniv,knife,kitchen,Jag använder kniv när jag lagar mat.,en
gaffel,fork,kitchen,Jag använder gaffel när jag lagar mat.,en
sked,spoon,kitchen,Jag använder sked när jag lagar mat.,en
tallrik,plate,kitchen,Jag använder tallrik när jag lagar mat.,en
skål,bowl,kitchen,Jag använder skål när jag lagar mat.,en
kopp,cup,kitchen,Jag använder kopp när jag lagar mat.,en
glas,glass,kitchen,Jag använder glas när jag lagar mat.,ett
kastrull,pot,kitchen,Jag använder kastrull när jag lagar mat.,en
stekpanna,frying pan,kitchen,Jag använder stekpanna när jag lagar mat.,en
skärbräda,cutting board,kitchen,Jag använder skärbräda när jag lagar mat.,en
vispare,whisk,kitchen,Jag använder vispare när jag lagar mat.,en
korkskruv,corkscrew,kitchen,Jag använder korkskruv när jag lagar mat.,en
flaska,bottle,kitchen,Jag använder flaska när jag lagar mat.,en
burk,jar,kitchen,Jag använder burk när jag lagar mat.,en
durkslag,colander,kitchen,Jag använder durkslag när jag lagar mat.,ett
bakplåt,baking sheet,kitchen,Jag använder bakplåt när jag lagar mat.,en
mixer,blender,kitchen,Jag använder mixer när jag lagar mat.,en
vattenkokare,kettle,kitchen,Jag använder vattenkokare när jag lagar mat.,en
toaster,toaster,kitchen,Jag använder toaster när jag lagar mat.,en
basilika,basil,kitchen,Jag använder basilika när jag lagar mat.,en
persilja,parsley,kitchen,Jag använder persilja när jag lagar mat.,en
koriander,coriander,kitchen,Jag använder koriander när jag lagar mat.,en
timjan,thyme,kitchen,Jag använder timjan när jag lagar mat.,en
rosmarin,rosemary,kitchen,Jag använder rosmarin när jag lagar mat.,en
oregano,oregano,kitchen,Jag använder oregano när jag lagar mat.,en
kanel,cinnamon,kitchen,Jag använder kanel när jag lagar mat.,en
ingefära,ginger,kitchen,Jag använder ingefära när jag lagar mat.,en
gurkmeja,turmeric,kitchen,Jag använder gurkmeja när jag lagar mat.,en
spiskummin,cumin,kitchen,Jag använder spiskummin när jag lagar mat.,en
lagerblad,bay leaf,kitchen,Jag använder lagerblad när jag lagar mat.,ett
ett,one,numbers,ett är ett tal på svenska.,—
två,two,numbers,två är ett tal på svenska.,—
tre,three,numbers,tre är ett tal på svenska.,—
fyra,four,numbers,fyra är ett tal på svenska.,—
fem,five,numbers,fem är ett tal på svenska.,—
sex,six,numbers,sex är ett tal på svenska.,—
sju,seven,numbers,sju är ett tal på svenska.,—
åtta,eight,numbers,åtta är ett tal på svenska.,—
nio,nine,numbers,nio är ett tal på svenska.,—
tio,ten,numbers,tio är ett tal på svenska.,—
tjugo,twenty,numbers,tjugo är ett tal på svenska.,—
hundra,hundred,numbers,hundra är ett tal på svenska.,—
tusen,thousand,numbers,tusen är ett tal på svenska.,—
miljon,million,numbers,miljon är ett tal på svenska.,en
hälften,half,numbers,hälften är ett tal på svenska.,en
kvart,quarter,numbers,kvart är ett tal på svenska.,en
procent,percent,numbers,procent är ett tal på svenska.,en
summa,sum,numbers,summa är ett tal på svenska.,en
dubbel,double,numbers,dubbel är ett tal på svenska.,—
noll,zero,numbers,noll är ett tal på svenska.,en
ja,yes,basic,ja är ett vanligt ord på svenska.,—
nej,no,basic,nej är ett vanligt ord på svenska.,—
tack,thank you,basic,tack är ett vanligt ord på svenska.,—
förlåt,sorry,basic,förlåt är ett vanligt ord på svenska.,—
hej,hello,basic,hej är ett vanligt ord på svenska.,—
hejdå,goodbye,basic,hejdå är ett vanligt ord på svenska.,—
snälla,please (informal),basic,snälla är ett vanligt ord på svenska.,—
varsågod,you're welcome,basic,varsågod är ett vanligt ord på svenska.,—
ursäkta,excuse me,basic,ursäkta är ett vanligt ord på svenska.,—
välkommen,welcome,basic,välkommen är ett vanligt ord på svenska.,—
vänligen,please (formal),basic,vänligen är ett vanligt ord på svenska.,—
jordbävning,earthquake,nature,En jordbävning syns ute i naturen.,en
tsunami,tsunami,nature,En tsunami syns ute i naturen.,en
glaciär,glacier,nature,En glaciär syns ute i naturen.,en
korall,coral,nature,En korall syns ute i naturen.,en
alger,algae,nature,En alger syns ute i naturen.,en
fitness,fitness,health,fitness är viktigt för god hälsa.,en
övervikt,overweight,health,övervikt är viktigt för god hälsa.,en
undersökning,examination,health,undersökning är viktigt för god hälsa.,en
apotek,pharmacy,health,apotek är viktigt för god hälsa.,ett
smärtstillare,painkiller,health,smärtstillare är viktigt för god hälsa.,en
butiksägare,shop owner,profession,Han jobbar som butiksägare på sjukhuset.,en
revisor,accountant,profession,Han jobbar som revisor på sjukhuset.,en
statsminister,prime minister,politics,statsminister är en del av demokratin.,en
grundlag,constitution,politics,grundlag är en del av demokratin.,en
nattklubb,nightclub,places,Vi besökte nattklubb på semestern.,en
löneförhandling,salary negotiation,work,Det är viktigt att trivas på sin löneförhandling.,en
spegelbild,reflection,adjectives,Han är väldigt spegelbild.,en
gästfri,hospitable,adjectives,Han är väldigt gästfri.,—
blöja,nappy/diaper,childcare,Barnet behöver blöja varje dag.,en
napp,pacifier/dummy,childcare,Barnet behöver napp varje dag.,en
barnvagn,pram/stroller,childcare,Barnet behöver barnvagn varje dag.,en
spjälsäng,cot/crib,childcare,Barnet behöver spjälsäng varje dag.,en
nappflaska,baby bottle,childcare,Barnet behöver nappflaska varje dag.,en
välling,infant cereal/porridge,childcare,Barnet behöver välling varje dag.,en
förskola,preschool,childcare,Barnet behöver förskola varje dag.,en
dagis,daycare (informal),childcare,Barnet behöver dagis varje dag.,ett
barnvakt,babysitter,childcare,Barnet behöver barnvakt varje dag.,en
leksak,toy,childcare,Barnet behöver leksak varje dag.,en
matstol,highchair,childcare,Barnet behöver matstol varje dag.,en
vagga,cradle,childcare,Barnet behöver vagga varje dag.,en
sparkdräkt,babygro/sleepsuit,childcare,Barnet behöver sparkdräkt varje dag.,en
amning,breastfeeding,childcare,Barnet behöver amning varje dag.,en
tupplur,nap,childcare,Barnet behöver tupplur varje dag.,en
blöjbyte,nappy change,childcare,Barnet behöver blöjbyte varje dag.,ett
babymonitor,baby monitor,childcare,Barnet behöver babymonitor varje dag.,en
napphållare,dummy clip,childcare,Barnet behöver napphållare varje dag.,en
hosta,cough,health,hosta är viktigt för god hälsa.,en
förkyld,having a cold,health,förkyld är viktigt för god hälsa.,—
vantar,gloves,clothing,Hon hade en fin vantar på sig.,en
torkskåp,drying cabinet,furniture,Det finns en torkskåp i vardagsrummet.,ett
uppsättning,set,basic,uppsättning är ett vanligt ord på svenska.,en
en del,some/a part of,basic,en del är ett vanligt ord på svenska.,en
några,some/a few,basic,några är ett vanligt ord på svenska.,—
en sak,a thing / an item,basic,en sak är ett vanligt ord på svenska.,en
möjligtvis,possibly,basic,möjligtvis är ett vanligt ord på svenska.,—
stjärna,star,nature,En stjärna syns ute i naturen.,en
lådan,the box,home,Vi renoverar lådan hemma.,en
redan,already,basic,redan är ett vanligt ord på svenska.,—
blöt,wet,adjectives,Han är väldigt blöt.,—
ju,you know / of course,basic,ju är ett vanligt ord på svenska.,—
verkligen,really / truly,basic,verkligen är ett vanligt ord på svenska.,—
iskallt,ice cold,adjectives,Han är väldigt iskallt.,—
en verktygslåda,toolbox,tools,Jag använder en verktygslåda när jag bygger.,en
en såg,saw,tools,Jag använder en såg när jag bygger.,en
en hammare,hammer,tools,Jag använder en hammare när jag bygger.,en
en spik,nail,tools,Jag använder en spik när jag bygger.,en
en tång,pliers / tongs,tools,Jag använder en tång när jag bygger.,en
en tumstock,folding ruler,tools,Jag använder en tumstock när jag bygger.,en
en koja,hut / den / treehouse,home,Vi renoverar en koja hemma.,en
fartlig,exciting / dangerous,adjectives,Han är väldigt fartlig.,—
en lek,game / play,hobbies,Min hobby är en lek.,en
flyger högt,flies high,basic,flyger högt är ett vanligt ord på svenska.,—
en helikopter,helicopter,transport,Vi åker med en helikopter till stan.,en
ett äventyr,adventure,basic,ett äventyr är ett vanligt ord på svenska.,ett
en djungel,jungle,nature,En en djungel syns ute i naturen.,en
ett djur,animal,animals,En ett djur lever ute i naturen.,ett
en fantasi,fantasy / imagination,basic,en fantasi är ett vanligt ord på svenska.,en
en verklighet,reality,basic,en verklighet är ett vanligt ord på svenska.,en
ha tråkigt,to be bored,basic,ha tråkigt är ett vanligt ord på svenska.,—
pallen,the stool / the pallet,furniture,Det finns en pallen i vardagsrummet.,en
trasig,broken,adjectives,Han är väldigt trasig.,—
finns,there is/there are,basic,Det finns en park nära skolan.,—
svänger,turns/swings,basic,Bilen svänger till höger vid korsningen.,—
för att,in order to,basic,Jag studerar för att lära mig svenska.,—
genom att,by (doing),basic,Du lär dig bäst genom att öva varje dag.,—
därför att,because,basic,Jag stannar hemma därför att jag är sjuk.,—
eftersom,because/since,basic,Han är trött eftersom han inte sov i natt.,—
rutschkana,playground slide,childcare,Barnet åker rutschkana i lekparken.,en
möjlighet,possibility/opportunity,basic,Det finns en möjlighet att vinna priset.,en
vandra,to hike/wander,hobbies,Vi vill vandra i fjällen i sommar.,—
höjdrädd,afraid of heights,adjectives,Han är höjdrädd och vågar inte klättra.,—
att skada sig själv,to hurt oneself,health,Man ska undvika att skada sig själv.,—
att falla,to fall,health,Det är farligt att falla från en stege.,—
skillnad,difference,basic,Det finns en stor skillnad mellan dem.,en
snorig,snotty/runny-nosed,health,Barnet är snorig och behöver en näsduk.,—
illamående,nausea/feeling sick,health,Hon kände illamående efter bilresan.,ett
kräks,vomits,health,Barnet kräks när det är sjukt.,—
skölja,to rinse,kitchen,Kom ihåg att skölja håret ordentligt.,—
blöta,to soak/drench,home,Han måste blöta tvätten innan han tvättar den.,—
sådan,such/like that,basic,Jag har aldrig sett en sådan vacker solnedgång.,—
att ta fram,to bring out/take out,basic,Det är dags att ta fram jackan nu.,—
att göra ont,to hurt/be painful,health,Såret börjar att göra ont igen.,—
att ha tråkigt,to be bored,emotions,Det är synd att ha tråkigt på semestern.,—
att vara tråkigt,to be boring,adjectives,Ingen vill att vara tråkigt i andras ögon.,—
tråkigt,boring/dull,adjectives,Det är tråkigt när det regnar.,—
brädor,boards/planks,tools,Han sågade brädor till staket.,en
att slå,to hit/beat,basic,Det är fel att slå någon.,—
äntligen,finally/at last,basic,Äntligen är sommaren här!,—
att följa med,to come along/join,basic,Det är kul att följa med på resor.,—
att kliva av,to get off (transport),transport,Det är dags att kliva av bussen nu.,—
tv-nyheter,TV news,technology,Jag tittar på tv-nyheter varje kväll.,en
att undra,to wonder,basic,Det är naturligt att undra om det stämmer.,—
daghem,daycare center,childcare,Barnet går på daghem varje dag.,ett
färdig,ready / done,adjectives,Är du färdig med läxorna?,—
kvar,remaining / left,basic,Det finns ingenting kvar i kylen.,—
låg med,lay with (past of ligga med),basic,Katten låg med ungarna i korgen.,—
var där,was there,basic,Hon var där när det hände.,—
däck,deck / tire,basic,Vi satt på däcket och tittade på havet.,ett
jobbigt,tough / difficult,adjectives,Det är jobbigt att lära sig ett nytt språk.,—
förresten,by the way,basic,Förresten glömde jag berätta något viktigt.,—
mysigt,cozy / cosy,adjectives,Det är mysigt att sitta inne när det regnar.,—
äcklig,disgusting / gross,adjectives,Den gamla maten luktar äcklig.,—
tvärs över,across,basic,Han sprang tvärs över gatan.,—
tejp,tape,basic,Kan du ge mig tejpen?,en
därute,out there,basic,Det är kallt därute idag.,—
genast,immediately / at once,basic,Kom hit genast!,—
